Website,File name,EU Result,Non-EU Result,Similarity ratio
"https://policies.google.com/privacy
",policies.google.com.txt,Success,Success,0.968991442331012
"https://www.youtube.com/static?template=privacy_guidelines&gl=GB
",www.youtube.com.txt,Success,Success,0.9928029939545149
"https://www.facebook.com/about/privacy
",www.facebook.com.txt,Success,Success,0.5866238710158991
"https://en.wikipedia.org/wiki/Privacy_policy
",en.wikipedia.org.txt,Success,Success,1.0
"https://twitter.com/privacy
",twitter.com.txt,Success,Success,1.0
"https://policies.oath.com/us/en/oath/privacy/index.html
",policies.oath.com.txt,Success,Success,1.0
"https://help.nytimes.com/hc/en-us/articles/115014892108-Privacy-policy
",help.nytimes.com.txt,Success,Success,1.0
"https://www.ebay.com/help/policies/member-behaviour-policies/user-privacy-notice-privacy-policy?id=4260
",www.ebay.com.txt,Success,Success,1.0
"https://www.redditinc.com/policies/privacy-policy
",www.redditinc.com.txt,Success,Success,1.0
"https://www.yelp.com/tos/privacy_en_us_20160131
",www.yelp.com.txt,Success,Success,1.0
"https://corporate.walmart.com/privacy-security/walmart-privacy-policy
",corporate.walmart.com.txt,Success,Success,1.0
"https://www.paypal.com/us/webapps/mpp/ua/privacy-full
",www.paypal.com.txt,Timeout/Access Denied,Timeout/Access Denied,N/A
"https://www.apple.com/privacy/
",www.apple.com.txt,Success,Success,1.0
"https://www.docracy.com/0fap0koedur/bing-com-privacy-policy-tos
","www.docracy.combing-com-privacy-policy-tos
.txt",Success,Success,1.0
"https://www.craigslist.org/about/privacy.policy
",www.craigslist.org.txt,Success,Success,0.0
"https://www.livechatinc.com/privacy-policy/
",www.livechatinc.com.txt,Timeout/Access Denied,Timeout/Access Denied,N/A
"https://www.linkedin.com/legal/privacy-policy
",www.linkedin.com.txt,Success,Success,1.0
"https://www.adobe.com/privacy.html
",www.adobe.com.txt,Success,Success,1.0
"https://www.quora.com/about/privacy
",www.quora.com.txt,Success,Success,0.6547252156286844
"https://privacy.thewaltdisneycompany.com/
",privacy.thewaltdisneycompany.com.txt,Success,Success,1.0
"https://www.buzzfeed.com/about/privacy
",www.buzzfeed.com.txt,Success,Success,1.0
"https://help.netflix.com/legal/privacy
",help.netflix.com.txt,Timeout/Access Denied,Success,N/A
"https://policy.pinterest.com/en/privacy-policy
",policy.pinterest.com.txt,Timeout/Access Denied,Timeout/Access Denied,N/A
"http://www.wikia.com/Privacy_Policy
",www.wikia.com.txt,Success,Success,1.0
"https://www.e-ranker.com/privacy-policy/
",www.e-ranker.com.txt,Success,Success,1.0
"https://www.msn.com/en-us/autos/partner/privacypolicy
",www.msn.com.txt,Success,Success,1.0
"https://www.spotify.com/us/legal/privacy-policy/
",www.spotify.com.txt,Success,Success,1.0
"https://www.instagram.com/about/legal/privacy/before-january-19-2013/
",www.instagram.com.txt,Success,Success,1.0
"https://www.capitalone.com/identity-protection/privacy/
",www.capitalone.com.txt,Success,Success,1.0
"http://about.urbandictionary.com/privacy
",about.urbandictionary.com.txt,Success,Success,1.0
"https://tripadvisor.mediaroom.com/us-privacy-policy
",tripadvisor.mediaroom.com.txt,Success,Success,1.0
"https://www.target.com/c/target-privacy-policy/-/N-4sr7p
",www.target.com.txt,Success,Success,1.0
"https://quizlet.com/privacy
",quizlet.com.txt,Success,Success,1.0
"https://www.chase.com/digital/resources/privacy-security/privacy/online-privacy-policy
",www.chase.com.txt,Success,Success,1.0
"https://www.bustle.com/privacy
",www.bustle.com.txt,Success,Success,1.0
"https://www.avast.com/privacy-policy
",www.avast.com.txt,Success,Success,1.0
"https://www.healthyway.com/privacy/
",www.healthyway.com.txt,Success,Success,1.0
"https://www.npr.org/about-npr/179878450/privacy-policy
",www.npr.org.txt,Success,Success,0.0016521477921297688
"https://wordpress.org/about/privacy/
",wordpress.org.txt,Success,Success,1.0
"https://www.peopletopeople.com/privacy-policy/
",www.peopletopeople.com.txt,Success,Success,1.0
"http://www.fashionbeans.com/privacy-policy/
",www.fashionbeans.com.txt,Success,Success,1.0
"https://www.zillow.com/corp/Privacy.htm
",www.zillow.com.txt,Success,Success,1.0
"https://www.whitepages.com/data-policy
",www.whitepages.com.txt,Timeout/Access Denied,Timeout/Access Denied,N/A
"https://www.theguardian.com/help/privacy-policy
",www.theguardian.com.txt,Success,Success,0.9998725627628393
"https://www.usatoday.com/legal/privacynotice.html
",www.usatoday.com.txt,Timeout/Access Denied,Success,N/A
"https://www.cnet.com/news/yahoo-aol-oath-privacy-policy-verizon-emails-messages/
",www.cnet.com.txt,Success,Success,1.0
"https://www.cbsnews.com/news/cbsnewscom-privacy-policy/
",www.cbsnews.com.txt,Success,Success,1.0
"https://stackoverflow.com/legal/privacy-policy
",stackoverflow.com.txt,Success,Success,1.0
"http://www.businessinsider.com/privacy-policy
",www.businessinsider.com.txt,Success,Success,1.0
"https://www.lowes.com/l/privacy-and-security-statement.html
",www.lowes.com.txt,Success,Success,1.0
"https://www.glassdoor.com/about/privacy.htm
",www.glassdoor.com.txt,Success,Success,1.0
"http://www.legacy.com/about/privacy-policy
",www.legacy.com.txt,Success,Success,1.0
"https://www.webmd.com/about-webmd-policies/about-privacy-policy
",www.webmd.com.txt,Success,Success,1.0
"https://policy.wikimedia.org/privacy-policy/
",policy.wikimedia.org.txt,Success,Success,1.0
"https://rumble.com/s/privacy.html
",rumble.com.txt,Success,Success,1.0
"http://about.usps.com/who-we-are/privacy-policy/privacy-policy-highlights.htm
",about.usps.com.txt,Success,Success,1.0
"https://www.docracy.com/5t6r1sxj2e/indeed-com-privacy-policy-tos
","www.docracy.comindeed-com-privacy-policy-tos
.txt",Success,Success,1.0
"https://giphy.com/search/policy
",giphy.com.txt,Success,Success,1.0
"https://www.mozilla.org/en-US/privacy/
",www.mozilla.org.txt,Success,Success,1.0
"https://www.etsy.com/legal/privacy/
",www.etsy.com.txt,Success,Success,0.9718579507099144
"https://www.apple.com/legal/privacy/en-ww/
",www.apple.com.txt,Success,Success,1.0
"https://www.cnbc.com/privacy-policy/
",www.cnbc.com.txt,Success,Success,1.0
"https://www.priceline.com.au/priceline-policies/privacy-policy/
",www.priceline.com.au.txt,Timeout/Access Denied,Timeout/Access Denied,N/A
"https://gizmodo.com/what-dna-testing-companies-terrifying-privacy-policies-1819158337
",gizmodo.com.txt,Success,Success,1.0
"http://store.latimes.com/privacy-policy
",store.latimes.com.txt,Success,Success,0.012817016634851377
"http://definition.org/privacy/
",definition.org.txt,Timeout/Access Denied,Success,N/A
"https://www.bankofamerica.com/privacy/overview.go
",www.bankofamerica.com.txt,Success,Success,1.0
"https://privacy.microsoft.com/en-us/privacy
",privacy.microsoft.com.txt,Success,Success,1.0
"https://www.airbnb.com/terms/privacy_policy
",www.airbnb.com.txt,Success,Success,0.9998530716833871
"https://www.imdb.com/privacy
",www.imdb.com.txt,Success,Success,1.0
"https://privacy.thewaltdisneycompany.com/en/
",privacy.thewaltdisneycompany.com.txt,Success,Success,1.0
"https://www.ups.com/us/en/help-center/legal-terms-conditions/privacy-notice.page
",www.ups.com.txt,Success,Success,1.0
"http://www.fandango.com/policies/privacy-policy
",www.fandango.com.txt,Success,Success,0.9998360207707023
"http://www.dailymail.co.uk/privacy
",www.dailymail.co.uk.txt,Success,Success,0.9986142462458275
"https://www.wellsfargo.com/privacy-security/privacy
",www.wellsfargo.com.txt,Success,Success,1.0
"https://www.webmd.com/about-webmd-policies/about-privacy-policy
",www.webmd.com.txt,Success,Success,1.0
"http://my.xfinity.com/privacy/
",my.xfinity.com.txt,Success,Success,1.0
"https://m.theepochtimes.com/privacy-notice
",m.theepochtimes.com.txt,Success,Success,1.0
"https://www.cheatsheet.com/privacy-policy/
",www.cheatsheet.com.txt,Timeout/Access Denied,Success,N/A
"https://www.goodreads.com/about/privacy
",www.goodreads.com.txt,Success,Success,1.0
"https://www.groupon.com/legal/privacypolicy
",www.groupon.com.txt,Success,Success,1.0
"https://www.wikihow.com/wikiHow:Privacy-Policy
",www.wikihow.com.txt,Success,Success,1.0
"http://www.verizon.com/about/privacy/mapquest
",www.verizon.com.txt,Success,Success,1.0
"https://community.imgur.com/privacy
",community.imgur.com.txt,Success,Success,1.0
"http://www.directexpose.com/privacy-policy/
",www.directexpose.com.txt,Success,Success,1.0
"https://www.meredith.com/privacy.html
",www.meredith.com.txt,Success,Success,1.0
"https://www.discover.com/privacy-statement/credit-cards-privacy-policy.html
",www.discover.com.txt,Success,Success,1.0
"https://www.usbank.com/privacy/index.html
",www.usbank.com.txt,Success,Success,1.0
"https://www.trend-chaser.com/privacy/
",www.trend-chaser.com.txt,Success,Success,1.0
"http://brainjoltmedia.com/privacy-policy/
",brainjoltmedia.com.txt,Success,Success,1.0
"http://www.kiwireport.com/privacy-policy-user-agreement/
",www.kiwireport.com.txt,Success,Success,1.0
"https://lifehacker.com/tag/privacy
",lifehacker.com.txt,Success,Success,1.0
"https://vimeo.com/privacy
",vimeo.com.txt,Success,Success,1.0
"http://officecomms.com/privacy-policy/
",officecomms.com.txt,Success,Success,1.0
"http://thehill.com/privacy-policy
",thehill.com.txt,Success,Success,1.0
"http://www.icepop.com/privacy-policy/
",www.icepop.com.txt,Success,Success,1.0
"https://www.nih.gov/web-policies-notices
",www.nih.gov.txt,Timeout/Access Denied,Timeout/Access Denied,N/A
"https://www.sfgate.com/privacy-policy/
",www.sfgate.com.txt,Success,Success,0.9999738835205014
"https://corporate.samsclub.com/sams-club-privacy-policy
",corporate.samsclub.com.txt,Success,Success,1.0
"https://www.kbb.com/company/privacy-policy/
",www.kbb.com.txt,Timeout/Access Denied,Timeout/Access Denied,N/A
"http://www.lifedaily.com/privacy-policy/
",www.lifedaily.com.txt,Success,Success,1.0
"https://www.hulu.com/privacy
",www.hulu.com.txt,Timeout/Access Denied,Success,N/A
"https://www.snopes.com/privacy-policy/
",www.snopes.com.txt,Success,Success,1.0
"http://www.fedex.com/us/security/privacy-policy-us.html
",www.fedex.com.txt,Success,Success,1.0
"http://www.nickiswift.com/privacy-policy/
",www.nickiswift.com.txt,Success,Success,1.0
"http://bleacherreport.com/pages/privacy
",bleacherreport.com.txt,Success,Success,1.0
"https://www.peteranswers.com/privacy.html
",www.peteranswers.com.txt,Success,Success,1.0
"https://www.southwest.com/html/about-southwest/terms-and-conditions/privacy-policy-pol.html?clk=GFOOTER-BOTTOM-PRIVACY
",www.southwest.com.txt,Success,Success,1.0
"https://slate.com/privacy
",slate.com.txt,Success,Success,1.0
"https://www.bedbathandbeyond.com/store/static/PrivacyPolicy
",www.bedbathandbeyond.com.txt,Success,Success,1.0
"https://healthline.com/privacy-policy
",healthline.com.txt,Success,Success,1.0
"https://www.politico.com/privacy-policy
",www.politico.com.txt,Success,Success,1.0
"https://www.docracy.com/0fkszuwp5n5/cbssports-com-privacy-policy-tos
","www.docracy.comcbssports-com-privacy-policy-tos
.txt",Success,Success,1.0
"https://www.mlb.com/official-information/privacy-policy
",www.mlb.com.txt,Timeout/Access Denied,Timeout/Access Denied,N/A
"https://gfycat.com/privacy
",gfycat.com.txt,Success,Success,1.0
"https://www.medicalnewstoday.com/privacy-policy
",www.medicalnewstoday.com.txt,Success,Success,0.995803161763107
"https://steamcommunity.com/my/tradeoffers/privacy
",steamcommunity.com.txt,Success,Success,1.0
"https://www.docracy.com/0kx08z6nge4/gamespot-com-privacy-policy-tos
","www.docracy.comgamespot-com-privacy-policy-tos
.txt",Success,Success,1.0
"https://www.docracy.com/18901y86hf/wayfair-com-privacy-policy-tos
","www.docracy.comwayfair-com-privacy-policy-tos
.txt",Success,Success,1.0
"https://online.citi.com/JRS/portal/template.do?ID=Privacy
",online.citi.com.txt,Success,Success,0.9985133126098121
"https://about.deviantart.com/policy/privacy/
",about.deviantart.com.txt,Success,Success,1.0
"http://www.docracy.com/0mhki8h5cas/yellowpages-com-privacy-policy-tos
","www.docracy.comyellowpages-com-privacy-policy-tos
.txt",Success,Success,1.0
"https://www.usnews.com/features/info/privacy
",www.usnews.com.txt,Timeout/Access Denied,Timeout/Access Denied,N/A
"https://www.dmv.org/privacy.php
",www.dmv.org.txt,Success,Success,0.9926761106292763
"https://www.thepennyhoarder.com/privacy/
",www.thepennyhoarder.com.txt,Success,Success,0.9989928492295297
"https://www.creditkarma.com/about/privacy
",www.creditkarma.com.txt,Success,Success,1.0
"https://www.theroot.com/privacy-policy-and-terms-of-use-1790859776
",www.theroot.com.txt,Success,Success,1.0
"http://variety.com/2018/digital/news/facebook-policy-updates-1202743819/
",variety.com.txt,Timeout/Access Denied,Timeout/Access Denied,N/A
"http://mamasarollingstone.com/privacy-policy/
",mamasarollingstone.com.txt,Success,Success,1.0
"https://www.mercurynews.com/privacy-policy/
",www.mercurynews.com.txt,Success,Success,1.0
"https://discordapp.com/privacy
",discordapp.com.txt,Success,Success,1.0
"https://www.dailymotion.com/legal/privacy
",www.dailymotion.com.txt,Success,Success,0.9999561028072255
"https://www.nbcuniversal.com/privacy
",www.nbcuniversal.com.txt,Success,Success,1.0
"https://www.edmunds.com/about/privacy.html
",www.edmunds.com.txt,Success,Success,1.0
"https://www.docracy.com/0p3e2ohozfz/overstock-com-privacy-policy-tos
","www.docracy.comoverstock-com-privacy-policy-tos
.txt",Success,Success,1.0
"http://www.viralthread.com/privacy-policy/
",www.viralthread.com.txt,Success,Success,1.0
"https://www.express.co.uk/privacy
",www.express.co.uk.txt,Success,Success,1.0
"https://www.mayoclinic.org/patient-visitor-guide/minnesota/becoming-a-patient/privacy-practices
",www.mayoclinic.org.txt,Success,Success,1.0
"https://products.office.com/en-us/business/office-365-trust-center-privacy
",products.office.com.txt,Success,Success,1.0
"https://www.costco.com/privacy-policy.html
",www.costco.com.txt,Success,Success,1.0
"https://www.thekitchn.com/privacy
",www.thekitchn.com.txt,Success,Success,1.0
"https://uproxx.com/privacy/
",uproxx.com.txt,Timeout/Access Denied,Timeout/Access Denied,N/A
"http://store.steampowered.com/privacy_agreement/
",store.steampowered.com.txt,Success,Success,1.0
"http://www.spanishdict.com/company/privacy
",www.spanishdict.com.txt,Success,Success,1.0
"http://www.miamiherald.com/site-services/privacy-policy/
",www.miamiherald.com.txt,Success,Success,1.0
"http://iheart-activate.com/privacy-policy.html
",iheart-activate.com.txt,Success,Success,1.0
"https://www.trulia.com/info/privacy/
",www.trulia.com.txt,Success,Success,1.0
"https://www.dropbox.com/privacy
",www.dropbox.com.txt,Success,Success,1.0
"https://www.wafermessenger.com/privacy-policy
",www.wafermessenger.com.txt,Success,Success,1.0
"https://www.livinglymedia.com/privacy-policy/
",www.livinglymedia.com.txt,Success,Success,1.0
"https://www.theverge.com/2018/4/14/17237864/oath-aol-yahoo-email-privacy-terms-scan-ads
",www.theverge.com.txt,Success,Success,0.9062801932367149
"https://www.slideshare.net/termsfeed/gdpr-privacy-policy
",www.slideshare.net.txt,Success,Success,1.0
"https://help.github.com/articles/github-privacy-statement/
",help.github.com.txt,Success,Success,1.0
"https://www.americanexpress.com/us/content/legal-disclosures/online-privacy-statement.html
",www.americanexpress.com.txt,Success,Success,1.0
"https://www.irs.gov/privacy-disclosure/irs-privacy-policy
",www.irs.gov.txt,Success,Success,1.0
"https://www.oforce.com/privacy-policy/
",www.oforce.com.txt,Success,Success,1.0
"https://patch.com/privacy
",patch.com.txt,Success,Success,0.002612377263309612
"https://www.univision.com/global/privacy-policy-en
",www.univision.com.txt,Success,Success,1.0
"https://www.docracy.com/69v0m141kg/city-data-com-privacy-policy-tos
","www.docracy.comcity-data-com-privacy-policy-tos
.txt",Success,Success,1.0
"https://www.jcpenney.com/m/privacy-policy
",www.jcpenney.com.txt,Success,Success,0.0
"https://www.docracy.com/0kv583ciq4f/topix-com-privacy-policy-tos
","www.docracy.comtopix-com-privacy-policy-tos
.txt",Success,Success,1.0
"https://www.autotrader.com/legal/privacy-statement.xhtml
",www.autotrader.com.txt,Timeout/Access Denied,Timeout/Access Denied,N/A
"https://stackoverflow.com/legal/privacy-policy
",stackoverflow.com.txt,Success,Success,1.0
"https://www.about.hometalk.com/privacy-policy
",www.about.hometalk.com.txt,Success,Success,1.0
"http://www.sears.com/en_us/customer-service/policies/privacy-policy.html
",www.sears.com.txt,Timeout/Access Denied,Success,N/A
"http://u-s-history.com/privacy.html
",u-s-history.com.txt,Success,Success,0.634819907162583
"https://help.newegg.com/Policies/Article/1189?channel=FL
",help.newegg.com.txt,Success,Success,1.0
"https://security.intuit.com/privacy/
",security.intuit.com.txt,Success,Success,1.0
"https://www.androidcentral.com/privacy
",www.androidcentral.com.txt,Success,Success,1.0
"https://www.state.gov/privacy/
",www.state.gov.txt,Timeout/Access Denied,Timeout/Access Denied,N/A
"https://us.shein.com/Privacy-Security-Policy-a-282.html
",us.shein.com.txt,Success,Success,1.0
"https://www.opentable.com/legal/privacy-policy
",www.opentable.com.txt,Timeout/Access Denied,Timeout/Access Denied,N/A
"https://www.cargurus.com/Cars/privacyPolicy.html
",www.cargurus.com.txt,Success,Success,1.0
"http://yourdailydish.com/privacy-policy/
",yourdailydish.com.txt,Timeout/Access Denied,Success,N/A
"https://www.united.com/ual/en/us/fly/privacy.html
",www.united.com.txt,Timeout/Access Denied,Timeout/Access Denied,N/A
"https://medium.com/policy/medium-privacy-policy-f03bf92035c9
",medium.com.txt,Success,Success,1.0
"https://www.ikea.com/ms/en_AU/customer_service/policies_and_terms/privacy_policy.html
",www.ikea.com.txt,Success,Success,1.0
"https://corporate.homedepot.com/privacy-policy
",corporate.homedepot.com.txt,Success,Success,1.0
"https://www.vox.com/policy-and-politics
",www.vox.com.txt,Success,Success,0.7131874630396215
"https://www.booking.com/content/privacy.en-gb.html
",www.booking.com.txt,Success,Success,1.0
"https://www.spectrum.com/policies/spectrum-customer-privacy-policy.html
",www.spectrum.com.txt,Success,Success,1.0
"https://www.popsugar.com/privacy
",www.popsugar.com.txt,Timeout/Access Denied,Timeout/Access Denied,N/A
"https://www.howstuffworks.com/privacy.htm
",www.howstuffworks.com.txt,Success,Success,1.0
"http://www.experian.com/privacy/index.html
",www.experian.com.txt,Success,Success,1.0
"https://www.nike.com/us/en_us/c/help/privacy-policy
",www.nike.com.txt,Timeout/Access Denied,Timeout/Access Denied,N/A
"http://www.topix.com/news/privacy
",www.topix.com.txt,Success,Success,0.006320541760722348
"https://www.nwf.org/Privacy-Policy
",www.nwf.org.txt,Success,Success,1.0
"https://www.seattletimes.com/business/what-facebooks-privacy-policy-allows-may-surprise-you/
",www.seattletimes.com.txt,Success,Success,1.0
"https://privacy.microsoft.com/en-us/privacystatement
",privacy.microsoft.com.txt,Success,Success,1.0
"https://photos.hgtv.com/photos/privacy-screens-
",photos.hgtv.com.txt,Timeout/Access Denied,Success,N/A
"https://www.imore.com/facebook-privacy-guide
",www.imore.com.txt,Success,Success,1.0
"http://www.theonion.com/privacy
",www.theonion.com.txt,Timeout/Access Denied,Timeout/Access Denied,N/A
"https://www.epicgames.com/site/en-US/privacypolicy
",www.epicgames.com.txt,Success,Success,0.9976072920622864
"https://www.polygon.net/jwl/public/about/privacy-policy-en.jsp
",www.polygon.net.txt,Success,Success,1.0
"http://www.ca.gov/Privacy
",www.ca.gov.txt,Timeout/Access Denied,Timeout/Access Denied,N/A
"https://www.romper.com/privacy
",www.romper.com.txt,Success,Success,1.0
"https://www8.hp.com/us/en/privacy/privacy.html
",www8.hp.com.txt,Success,Success,1.0
"http://mentalfloss.com/privacy-policy
",mentalfloss.com.txt,Success,Success,1.0
"https://www.reuters.com/article/us-whatsapp-privacy-eu/whatsapp-raises-minimum-age-in-europe-to-16-ahead-of-data-law-change-idUSKBN1HV2C5
",www.reuters.com.txt,Success,Success,1.0
"https://www.carfax.com/company/privacy-statement
",www.carfax.com.txt,Success,Success,0.010376134889753566
"https://www.eventbrite.com/privacypolicy/
",www.eventbrite.com.txt,Success,Success,1.0
"https://nextdoor.com/privacy/
",nextdoor.com.txt,Success,Success,1.0
"https://www.cvs.com/help/privacy_policy.jsp
",www.cvs.com.txt,Success,Success,1.0
"http://www.looper.com/privacy-policy/
",www.looper.com.txt,Success,Success,1.0
"https://www.chron.com/privacy_policy/
",www.chron.com.txt,Success,Success,1.0
"http://privacy.pch.com/en-us/privacy-policy
",privacy.pch.com.txt,Success,Success,0.00183452577508714
"https://www.wunderground.com/company/privacy-policy
",www.wunderground.com.txt,Timeout/Access Denied,Timeout/Access Denied,N/A
"https://www.humblebundle.com/privacy
",www.humblebundle.com.txt,Success,Success,0.9999599903976955
"https://www.adp.com/privacy.aspx
",www.adp.com.txt,Success,Success,1.0
"http://www.nj.com/privacy-policy/
",www.nj.com.txt,Success,Success,1.0
"https://privacy.microsoft.com/en-us/xbox-one-privacy-and-online-safety
",privacy.microsoft.com.txt,Success,Success,1.0
"https://www.gardeningknowhow.com/privacy-policy
",www.gardeningknowhow.com.txt,Success,Success,1.0
"https://www.shmoop.com/public/privacy/
",www.shmoop.com.txt,Success,Success,1.0
"https://www.directv.com/cms2/pepod_new/privacy_policy.html
",www.directv.com.txt,Success,Success,1.0
"https://www.siriusxm.com/pdf/siriusxm_privacypolicy_eng.pdf
",www.siriusxm.com.txt,Timeout/Access Denied,Timeout/Access Denied,N/A
"https://www.kayak.com/privacy
",www.kayak.com.txt,Success,Success,1.0
"https://www.tomsguide.com/us/iphone-x-face-id-privacy,news-26209.html
",www.tomsguide.com.txt,Success,Success,1.0
"https://www.choicehotels.com/legal/privacy-policy
",www.choicehotels.com.txt,Success,Success,1.0
"https://www.walgreens.com/topic/generalhelp/privacyandsecurity.jsp
",www.walgreens.com.txt,Success,Success,1.0
"https://www.consumerreports.org/cro/customerservice/privacy-policy/highlights/index.htm
",www.consumerreports.org.txt,Success,Success,1.0
"https://citimobile.citibankonline.com/GMPWEB/privacy/CitiMobilePrivacyPolicy.pdf
",citimobile.citibankonline.com.txt,Timeout/Access Denied,Timeout/Access Denied,N/A
"https://www.worldlifestyle.com/privacy-policy
",www.worldlifestyle.com.txt,Success,Success,1.0
"https://www.timeanddate.com/clocks/privacy.html
",www.timeanddate.com.txt,Success,Success,0.9944547134935305
"https://www.destinationhotels.com/privacy-policy
",www.destinationhotels.com.txt,Success,Success,1.0
"https://www.gofundme.com/privacy/
",www.gofundme.com.txt,Success,Success,0.9999304638064113
"https://www.flickr.com/help/privacy-policy/
",www.flickr.com.txt,Timeout/Access Denied,Timeout/Access Denied,N/A
"http://www.newsweekgroup.com/privacy-policy/
",www.newsweekgroup.com.txt,Success,Success,1.0
"http://www.verizon.com/about/privacy/aol-privacy-policy
",www.verizon.com.txt,Success,Success,1.0
"https://about.upi.com/privacy-policy
",about.upi.com.txt,Success,Success,1.0
"https://jezebel.com/302399/jezebel-privacy-policy
",jezebel.com.txt,Success,Success,1.0
"https://www.redfin.com/about/privacy-policy
",www.redfin.com.txt,Success,Success,1.0
"https://www.techradar.com/news/best-linux-distro-privacy-security
",www.techradar.com.txt,Success,Success,0.9997200970330286
"http://freemusicarchive.org/Privacy_Policy
",freemusicarchive.org.txt,Success,Success,1.0
"http://dailycaller.com/footer/privacy-policy/
",dailycaller.com.txt,Success,Success,1.0
"https://www.howtogeek.com/privacy-policy/
",www.howtogeek.com.txt,Success,Success,1.0
"https://www.hollywoodreporter.com/p/legal/privacy
",www.hollywoodreporter.com.txt,Success,Success,1.0
"https://www.nfl.com/help/privacy
",www.nfl.com.txt,Success,Success,1.0
"https://chicago.cbslocal.com/privacy-policy/
",chicago.cbslocal.com.txt,Timeout/Access Denied,Timeout/Access Denied,N/A
"http://www.dell.com/learn/us/en/uscorp1/policies-privacy
",www.dell.com.txt,Success,Success,1.0
"http://newarena.com/privacy-policy/
",newarena.com.txt,Success,Success,1.0
"https://www2.ed.gov/notices/privacy/index.html
",www2.ed.gov.txt,Success,Success,1.0
"https://www.fidelity.com/privacy-policy
",www.fidelity.com.txt,Success,Success,1.0
"https://www.axs.com/about-privacy-policy.html
",www.axs.com.txt,Timeout/Access Denied,Timeout/Access Denied,N/A
"http://www.startribune.com/startribune-com-privacy-policy/218991591/
",www.startribune.com.txt,Success,Success,1.0
"https://www.patreon.com/privacy
",www.patreon.com.txt,Success,Success,1.0
"http://www.blackboard.com/legal/privacy-policy.html
",www.blackboard.com.txt,Success,Success,1.0
"https://shop.nordstrom.com/c/nordstrom-privacy
",shop.nordstrom.com.txt,Success,Success,1.0
"https://king.com/privacyPolicy
",king.com.txt,Success,Success,1.0
"http://honesttopaws.com/privacy-policy/
",honesttopaws.com.txt,Success,Success,1.0
"http://www.gapinc.com/content/gapinc/html/toolbar/privacypolicy.html
",www.gapinc.com.txt,Success,Success,1.0
"https://www.orbitz.com/p/info-other/privacy-policy.htm
",www.orbitz.com.txt,Timeout/Access Denied,Timeout/Access Denied,N/A
"http://www.tomshardware.com/privacy.html
",www.tomshardware.com.txt,Success,Success,1.0
"https://about.ask.com/privacy-policy/
",about.ask.com.txt,Success,Success,1.0
"https://www.kohls.com/catalog/common/content.jsp?pageName=securityprivacy
",www.kohls.com.txt,Success,Success,1.0
"https://getitfree.us/privacy/
",getitfree.us.txt,Success,Success,1.0
"https://www.autozone.com/termsandconditions/termsAndConditionsHome.jsp?pageCategory=privacyPolicy
",www.autozone.com.txt,Timeout/Access Denied,Timeout/Access Denied,N/A
"https://patient.info/privacy-policy
",patient.info.txt,Success,Success,1.0
"http://about.bizrate.com/privacy-policy
",about.bizrate.com.txt,Success,Success,1.0
"https://support.scribd.com/hc/en-us/articles/210129366-Privacy-policy
",support.scribd.com.txt,Success,Success,1.0
"https://www.trustedmediabrands.com/privacy-policy/
",www.trustedmediabrands.com.txt,Success,Success,1.0
"http://en-thepiratebay.org/privacy/
",en-thepiratebay.org.txt,Timeout/Access Denied,Timeout/Access Denied,N/A
"https://www.ebates.com/help/article/privacy-policy-115009657667
",www.ebates.com.txt,Success,Success,1.0
"http://itsthevibe.com/privacy-policy/
",itsthevibe.com.txt,Timeout/Access Denied,Success,N/A
"https://www.staples.com/sbd/content/help-center/policies-and-legal.html
",www.staples.com.txt,Timeout/Access Denied,Timeout/Access Denied,N/A
"https://www.bbt.com/privacy-security/policies/consumer-privacy-notice.page
",www.bbt.com.txt,Success,Success,1.0
"https://sharepointexperience.com/about/privacy-policy/
",sharepointexperience.com.txt,Success,Success,1.0
"http://admin.worldation.com/dmca-policy/
",admin.worldation.com.txt,Success,Success,1.0
"https://mega.nz/privacy
",mega.nz.txt,Success,Success,1.0
"https://flightaware.com/about/privacy
",flightaware.com.txt,Success,Success,1.0
"https://www.marriott.com/about/privacy.mi
",www.marriott.com.txt,Success,Success,1.0
"https://www.godaddy.com/Agreements/Privacy.aspx
",www.godaddy.com.txt,Success,Success,0.9857373988799004
"https://www.chewy.com/app/content/privacy
",www.chewy.com.txt,Success,Success,1.0
"https://www.beenverified.com/faq/privacy/
",www.beenverified.com.txt,Success,Success,1.0
"https://www.petfinder.com/privacy-policy/
",www.petfinder.com.txt,Success,Success,1.0
"http://www.pbs.org/about/pbs-privacy-policy/
",www.pbs.org.txt,Timeout/Access Denied,Success,N/A
"http://www.alibabagroup.com/en/global/privacy
",www.alibabagroup.com.txt,Timeout/Access Denied,Timeout/Access Denied,N/A
"https://www.inverse.com/privacy-policy
",www.inverse.com.txt,Success,Success,1.0
"https://splinternews.com/privacy-policy-1793839733
",splinternews.com.txt,Success,Success,1.0
"https://www.usaa.com/inet/pages/privacy_promise
",www.usaa.com.txt,Success,Success,1.0
"https://www.ajc.com/privacy_policy/
",www.ajc.com.txt,Success,Success,1.0
"https://www.forever21.com/us/shop/Info/PrivacyPolicy
",www.forever21.com.txt,Success,Success,1.0
"https://www.drugs.com/support/privacy.html
",www.drugs.com.txt,Success,Success,1.0
"https://www.llbean.com/customerService/privacy/index.html
",www.llbean.com.txt,Timeout/Access Denied,Success,N/A
"http://solution-ew.com/privacy-policy/
",solution-ew.com.txt,Timeout/Access Denied,Timeout/Access Denied,N/A
"https://www.apartmenttherapy.com/privacy
",www.apartmenttherapy.com.txt,Success,Success,1.0
"https://duckduckgo.com/privacy
",duckduckgo.com.txt,Success,Success,1.0
"https://www.grammarly.com/privacy-policy
",www.grammarly.com.txt,Success,Success,1.0
"https://www.sixflags.com/national/privacy-policy
",www.sixflags.com.txt,Success,Success,1.0
"https://www.findagrave.com/privacy-statement
",www.findagrave.com.txt,Success,Success,1.0
"http://www.nydailynews.com/services/privacy-policy
",www.nydailynews.com.txt,Success,Success,0.0032164036586591616
"https://corp.narvar.com/privacy-policy/
",corp.narvar.com.txt,Success,Success,1.0
"https://www.ssa.gov/privacy/
",www.ssa.gov.txt,Success,Success,1.0
"https://www.denverpost.com/privacy-policy/
",www.denverpost.com.txt,Success,Success,1.0
"https://www.docusign.com/company/privacy-policy
",www.docusign.com.txt,Success,Success,1.0
"http://us.blizzard.com/company/about/privacy.html
",us.blizzard.com.txt,Success,Success,1.0
"http://hiltonhonors3.hilton.com/en/policy/global-privacy-statement/index.html
",hiltonhonors3.hilton.com.txt,Success,Success,1.0
"http://www.chegg.com/privacypolicy/
",www.chegg.com.txt,Timeout/Access Denied,Timeout/Access Denied,N/A
"https://www.nadaguides.com/Privacy-policy
",www.nadaguides.com.txt,Timeout/Access Denied,Success,N/A
"https://www.leafly.com/company/privacy-policy
",www.leafly.com.txt,Success,Success,1.0
"https://www.researchgate.net/privacy-policy
",www.researchgate.net.txt,Success,Success,1.0
"https://ballotpedia.org/Ballotpedia:Privacy_policy
",ballotpedia.org.txt,Success,Success,1.0
"http://www.pizzahut.com/privacypolicy.html
",www.pizzahut.com.txt,Timeout/Access Denied,Success,N/A
"https://www.dailydot.com/privacy-policy/
",www.dailydot.com.txt,Timeout/Access Denied,Timeout/Access Denied,N/A
"https://www.rawstory.com/about-us/raw-story-medias-privacy-policy/
",www.rawstory.com.txt,Success,Success,1.0
"https://www.dominos.com.au/inside-dominos/contact-us/privacy-policy
",www.dominos.com.au.txt,Success,Success,1.0
"https://www.inspiremore.com/privacy/
",www.inspiremore.com.txt,Success,Success,1.0
"https://www.evite.com/content/privacy_policy
",www.evite.com.txt,Success,Success,1.0
"http://www.sportingnews.com/privacy
",www.sportingnews.com.txt,Success,Success,1.0
"http://www.theonion.com/privacy
",www.theonion.com.txt,Timeout/Access Denied,Timeout/Access Denied,N/A
"https://www.liveleak.com/privacy
",www.liveleak.com.txt,Success,Success,1.0
"https://www.vudu.com/content/privacypolicy.html
",www.vudu.com.txt,Timeout/Access Denied,Success,N/A
"http://dressbarn.custhelp.com/app/answers/detail/a_id/2568/~/privacy-policy
",dressbarn.custhelp.com.txt,Success,Success,1.0
"https://www.avvo.com/support/privacy
",www.avvo.com.txt,Success,Success,1.0
"https://projects.newyorker.com/app/today/privacy-policy.html
",projects.newyorker.com.txt,Success,Success,1.0
"https://images.synchronycredit.com/consumerePrescreen/Internet/walmart/en/js/InternetPrivacyPolicy.html
",images.synchronycredit.com.txt,Success,Success,1.0
"https://nesn.com/privacy-policy/
",nesn.com.txt,Timeout/Access Denied,Timeout/Access Denied,N/A
"http://www.thelist.com/privacy-policy/
",www.thelist.com.txt,Success,Success,1.0
"https://privacy.streamable.com/
",privacy.streamable.com.txt,Success,Success,1.0
"http://wonderfeed.com/privacy-policy/
",wonderfeed.com.txt,Success,Success,1.0
"https://www.britannica.com/place/France/Foreign-policy
",www.britannica.com.txt,Success,Success,0.9997996393508315
"http://www.netfind.com.au/privacy.html
",www.netfind.com.au.txt,Success,Success,1.0
"https://www.medallia.com/privacy-policy/
",www.medallia.com.txt,Timeout/Access Denied,Timeout/Access Denied,N/A
"https://www.dallasnews.com/privacy-policy
",www.dallasnews.com.txt,Success,Success,1.0
"http://www.equityapartments.com/privacy
",www.equityapartments.com.txt,Success,Success,1.0
"https://spotlightstories.co/privacy-policy/
",spotlightstories.co.txt,Success,Success,1.0
"https://www.khanacademy.org/about/privacy-policy
",www.khanacademy.org.txt,Success,Success,1.0
"https://www.joinhoney.com/privacy
",www.joinhoney.com.txt,Success,Success,1.0
"https://www.spokeo.com/privacy
",www.spokeo.com.txt,Success,Success,1.0
"https://www.dailykos.com/privacy
",www.dailykos.com.txt,Success,Success,1.0
"https://brainly.com/pages/privacy_policy
",brainly.com.txt,Success,Success,1.0
"https://www.nintendo.com/privacy-policy
",www.nintendo.com.txt,Success,Success,1.0
"http://wspace.com/privacy-policy/
",wspace.com.txt,Success,Success,1.0
"https://www.uscis.gov/website-policies/privacy-and-legal-disclaimers
",www.uscis.gov.txt,Timeout/Access Denied,Timeout/Access Denied,N/A
"https://www.aarp.org/about-aarp/privacy-policy/
",www.aarp.org.txt,Success,Success,1.0
"https://online.purdue.edu/privacy-policy
",online.purdue.edu.txt,Success,Success,1.0
"https://policy.psu.edu/policies
",policy.psu.edu.txt,Success,Success,1.0
"https://www.harborfreight.com/security-and-privacy.html
",www.harborfreight.com.txt,Success,Success,1.0
"https://www.wired.com/about/privacy-policy/
",www.wired.com.txt,Success,Success,1.0
"https://www.cdc.gov/other/privacy.html
",www.cdc.gov.txt,Success,Success,1.0
"https://www.travelocity.com/p/info-other/privacy-policy.htm
",www.travelocity.com.txt,Timeout/Access Denied,Timeout/Access Denied,N/A
"https://www.retailmenot.com/static/privacy/
",www.retailmenot.com.txt,Timeout/Access Denied,Timeout/Access Denied,N/A
"https://www.kickstarter.com/privacy
",www.kickstarter.com.txt,Success,Success,1.0
"https://www.ziprecruiter.com/privacy
",www.ziprecruiter.com.txt,Success,Success,1.0
"https://www.popsci.com/privacy-policy
",www.popsci.com.txt,Timeout/Access Denied,Timeout/Access Denied,N/A
"http://www.nba.com/news/privacy_policy.html
",www.nba.com.txt,Success,Success,1.0
"https://www.progressive.com/privacy/
",www.progressive.com.txt,Success,Success,1.0
"https://superuser.com/questions/tagged/privacy
",superuser.com.txt,Success,Success,1.0
"https://www.zappos.com/privacy-policy
",www.zappos.com.txt,Success,Success,1.0
"http://www.vulture.com/2018/04/cardi-bs-invasion-of-privacy-everything-we-know.html
",www.vulture.com.txt,Success,Success,0.003117549972492206
"http://my.xfinity.com/privacy/
",my.xfinity.com.txt,Success,Success,1.0
"https://www.docracy.com/0tpp2ke7fic/dickssportinggoods-com-privacy-policy-tos
","www.docracy.comdickssportinggoods-com-privacy-policy-tos
.txt",Success,Success,1.0
"https://www.jetblue.com/legal/privacy/
",www.jetblue.com.txt,Success,Success,1.0
"https://www.sciencedirect.com/journal/research-policy
",www.sciencedirect.com.txt,Success,Success,1.0
"https://www.atchevrolet.com/PrivacyPolicy
",www.atchevrolet.com.txt,Success,Success,1.0
"http://www.chatstar.com/privacy
",www.chatstar.com.txt,Success,Success,1.0
"https://www.livehotty.com/privacy.html?langchoice=en
",www.livehotty.com.txt,Success,Success,1.0
"http://news.animalchannel.co/privacy-policy/
",news.animalchannel.co.txt,Success,Success,1.0
"https://www.almanac.com/content/privacy-policy
",www.almanac.com.txt,Success,Success,1.0
"https://www.internetbrands.com/privacy/
",www.internetbrands.com.txt,Success,Success,1.0
"https://www.washingtonexaminer.com/privacy-policy
",www.washingtonexaminer.com.txt,Success,Success,0.9999613152804642
"https://www.docracy.com/0jetvr_hw60/barnesandnoble-com-privacy-policy-tos
","www.docracy.combarnesandnoble-com-privacy-policy-tos
.txt",Success,Success,1.0
"https://squareup.com/legal/privacy
",squareup.com.txt,Success,Success,1.0
"https://www.homeadvisor.com/rfs/aboutus/privacyPolicy.jsp
",www.homeadvisor.com.txt,Success,Success,0.9999778844239998
"http://scribol.com/privacy-policy/
",scribol.com.txt,Timeout/Access Denied,Timeout/Access Denied,N/A
"http://www.mylife.com/privacy-policy/
",www.mylife.com.txt,Success,Success,1.0
"https://www.trustedmediabrands.com/privacy-policy/
",www.trustedmediabrands.com.txt,Success,Success,1.0
"https://www.vrbo.com/info/privacy
",www.vrbo.com.txt,Success,Success,1.0
"https://www.nationalgeographic.com/legal/privacy/
",www.nationalgeographic.com.txt,Success,Success,1.0
"https://www.nationalgeographic.com/legal/privacy/
",www.nationalgeographic.com.txt,Success,Success,1.0
"https://www.seccountry.com/privacy-policy
",www.seccountry.com.txt,Success,Success,1.0
"https://uk.romwe.com/Return-Policy-a-281.html
",uk.romwe.com.txt,Success,Success,1.0
"https://www.seriouseats.com/privacy
",www.seriouseats.com.txt,Success,Success,1.0
"https://www.playstation.com/en-us/network/legal/privacy-policy/
",www.playstation.com.txt,Success,Success,1.0
"https://bandcamp.com/privacy
",bandcamp.com.txt,Success,Success,1.0
"https://www.53.com/content/fifth-third/en/privacy-security.html
",www.53.com.txt,Success,Success,1.0
"https://www.doordash.com/privacy/
",www.doordash.com.txt,Success,Success,1.0
"https://legal-dictionary.thefreedictionary.com/Privacy+policy
",legal-dictionary.thefreedictionary.com.txt,Success,Success,1.0
"https://countabout.com/privacy-policy/
",countabout.com.txt,Success,Success,1.0
"http://comicbook.com/page/privacy
",comicbook.com.txt,Success,Success,1.0
"https://www.starbucks.com/about-us/company-information/online-policies/privacy-policy
",www.starbucks.com.txt,Success,Success,1.0
"https://www.truthfinder.com/privacy-policy/
",www.truthfinder.com.txt,Success,Success,1.0
"https://www.healthgrades.com/content/privacy-policy
",www.healthgrades.com.txt,Timeout/Access Denied,Success,N/A
"https://about.theodysseyonline.com/privacy/
",about.theodysseyonline.com.txt,Success,Success,1.0
"https://www.washingtontimes.com/privacy/
",www.washingtontimes.com.txt,Success,Success,0.9996382759676118
"https://help.rei.com/app/answers/detail/a_id/50/~/privacy-policy
",help.rei.com.txt,Success,Success,1.0
"http://www.domesticatedcompanion.com/privacy-policy/
",www.domesticatedcompanion.com.txt,Success,Success,1.0
"https://www.health.harvard.edu/privacy-policy
",www.health.harvard.edu.txt,Success,Success,0.973004499250125
"http://business.nasdaq.com/privacy-statement
",business.nasdaq.com.txt,Success,Success,1.0
"http://www.sacbee.com/site-services/privacy-policy/
",www.sacbee.com.txt,Success,Success,1.0
"https://www.sprint.com/en/legal/sprint-corporation-privacy-policy.html
",www.sprint.com.txt,Success,Success,1.0
"https://www.macrumors.com/2018/05/06/iphone-x-face-id-issues-service-policy/
",www.macrumors.com.txt,Success,Success,1.0
"https://www.everydayhealth.com/privacyterms/
",www.everydayhealth.com.txt,Success,Success,1.0
"http://www.redbox.com/privacy
",www.redbox.com.txt,Timeout/Access Denied,Success,N/A
"http://www.ziffdavis.com/privacy-policy
",www.ziffdavis.com.txt,Success,Success,1.0
"http://www.observermedia.com/privacy-policy
",www.observermedia.com.txt,Success,Success,1.0
"http://www.msnbc.com/privacy-policy
",www.msnbc.com.txt,Success,Success,1.0
"https://www.ny.gov/privacy-policy
",www.ny.gov.txt,Timeout/Access Denied,Timeout/Access Denied,N/A
"https://www.billboard.com/p/privacy-policy
",www.billboard.com.txt,Success,Success,1.0
"https://www.factinate.com/privacy/
",www.factinate.com.txt,Success,Success,1.0
"http://www.wsbtv.com/station/privacy-policy/privacy-policy/16386978
",www.wsbtv.com.txt,Success,Success,0.9986842105263158
"https://www.justfly.com/privacy-policy
",www.justfly.com.txt,Success,Success,1.0
"https://www.timewarnercable.com/en/our-company/legal/privacy-policy.html
",www.timewarnercable.com.txt,Success,Success,1.0
"https://wrbiradio.com/privacy-policy/
",wrbiradio.com.txt,Success,Success,1.0
"http://www.charlotteobserver.com/customer-service/privacy-policy/
",www.charlotteobserver.com.txt,Success,Success,1.0
"https://hello.softonic.com/privacy-policy/
",hello.softonic.com.txt,Success,Success,1.0
"https://www.nps.gov/aboutus/privacy.htm
",www.nps.gov.txt,Success,Success,1.0
"http://www.oregonlive.com/privacy-policy/
",www.oregonlive.com.txt,Success,Success,1.0
"http://www.tributes.com/global/privacy
",www.tributes.com.txt,Success,Success,1.0
"https://www.vitals.com/privacy
",www.vitals.com.txt,Success,Success,1.0
"https://www.kroger.com/topic/privacy-policy-7
",www.kroger.com.txt,Timeout/Access Denied,Timeout/Access Denied,N/A
"http://icd-europe.org/privacy-policy
",icd-europe.org.txt,Success,Success,1.0
"https://www.trivago.com/privacy-policy
",www.trivago.com.txt,Success,Success,1.0
"https://www.manta.com/resources/manta-privacy-policy/
",www.manta.com.txt,Timeout/Access Denied,Timeout/Access Denied,N/A
"https://www.coursehero.com/privacy-policy/
",www.coursehero.com.txt,Success,Success,1.0
"https://media.townhall.com/townhall/privacypolicy/privacypolicy.htm
",media.townhall.com.txt,Success,Success,1.0
"http://www.thebestofemail.com/privacy-policy/
",www.thebestofemail.com.txt,Success,Success,1.0
"https://www.cheapoair.co.uk/privacy/
",www.cheapoair.co.uk.txt,Success,Success,1.0
"https://www.usmagazine.com/services-privacypolicy/
",www.usmagazine.com.txt,Timeout/Access Denied,Success,N/A
"http://ww2.justanswer.com/privacy-statement
",ww2.justanswer.com.txt,Timeout/Access Denied,Timeout/Access Denied,N/A
"https://www.tractorsupply.com/policies-information_customer-solutions_tsc-privacy-policy
",www.tractorsupply.com.txt,Success,Success,1.0
"https://www.pnc.com/en/privacy-policy.html
",www.pnc.com.txt,Success,Success,1.0
"https://www.amctheatres.com/privacy-policy
",www.amctheatres.com.txt,Success,Success,1.0
"https://picoviewer.wixsite.com/privacy-policy
",picoviewer.wixsite.com.txt,Success,Success,1.0
"https://www.shopify.com/legal/privacy
",www.shopify.com.txt,Success,Success,0.9966276793498824
"https://www.tracfone.com/privacypolicy
",www.tracfone.com.txt,Success,Success,1.0
"http://veganpunch.com/privacy-policy/
",veganpunch.com.txt,Success,Success,1.0
"https://www.mcdonalds.com/us/en-us/privacy.html
",www.mcdonalds.com.txt,Success,Success,1.0
"https://www.gunbroker.com/c/user/privacypolicy/
",www.gunbroker.com.txt,Success,Success,1.0
"https://www.enotes.com/help/privacy
",www.enotes.com.txt,Success,Success,0.9972742140650555
"https://www.docracy.com/0_41dgy5x4q/cabelas-com-privacy-policy-tos
","www.docracy.comcabelas-com-privacy-policy-tos
.txt",Success,Success,1.0
"https://www.sports-reference.com/privacy.html
",www.sports-reference.com.txt,Success,Success,1.0
"https://www.docracy.com/0honbu98q8n/instructables-com-privacy-policy-tos
","www.docracy.cominstructables-com-privacy-policy-tos
.txt",Success,Success,1.0
"https://www.horoscope.com/us/privacy.aspx
",www.horoscope.com.txt,Timeout/Access Denied,Timeout/Access Denied,N/A
"https://www.gamestop.com/gs/help/PrivacyPolicy.aspx
",www.gamestop.com.txt,Timeout/Access Denied,Success,N/A
"https://sendgrid.com/policies/privacy/
",sendgrid.com.txt,Success,Success,1.0
"https://www.thrillist.com/news/nation/what-is-gdpr-privacy-policy-emails
",www.thrillist.com.txt,Success,Success,0.9911122616274053
"https://www.cruisecritic.com/about-us/privacy-policy/
",www.cruisecritic.com.txt,Success,Success,1.0
"https://qz.com/about/privacy-policy/
",qz.com.txt,Success,Success,1.0
"https://www.local10.com/station/privacy
",www.local10.com.txt,Success,Success,1.0
"http://biblehub.com/privacy.htm
",biblehub.com.txt,Success,Success,1.0
"https://www.atlasobscura.com/privacy
",www.atlasobscura.com.txt,Success,Success,1.0
"https://homehacks.co/privacy-policy/
",homehacks.co.txt,Success,Success,1.0
"https://www.dillards.com/c/faqs-notices-policies
",www.dillards.com.txt,Success,Success,1.0
"https://deals.makeuseof.com/privacy
",deals.makeuseof.com.txt,Success,Success,0.9970282317979198
"https://www.livescience.com/37398-right-to-privacy.html
",www.livescience.com.txt,Success,Success,1.0
"https://www.change.org/policies/privacy
",www.change.org.txt,Success,Success,0.9887760022614277
"https://www.docracy.com/2rwx3wjmfo/tvguide-com-privacy-policy-tos
","www.docracy.comtvguide-com-privacy-policy-tos
.txt",Success,Success,1.0
"https://www.click2houston.com/station/privacy
",www.click2houston.com.txt,Success,Success,1.0
"http://theweek.com/privacy
",theweek.com.txt,Success,Success,1.0
"https://www.har.com/content/privacy
",www.har.com.txt,Success,Success,1.0
"https://www.shopify.com/legal/privacy
",www.shopify.com.txt,Success,Success,0.9966276793498824
"https://www.jillianmichaels.com/policies/privacy
",www.jillianmichaels.com.txt,Success,Success,1.0
"http://www.subway.com/en-us/legal/privacynotice
",www.subway.com.txt,Success,Success,1.0
"https://www.statefarm.com/customer-care/privacy-security/privacy
",www.statefarm.com.txt,Success,Success,1.0
"https://sha.cornell.edu/about/privacy.html
",sha.cornell.edu.txt,Success,Success,1.0
"https://simple.wiktionary.org/wiki/Wiktionary:Privacy_policy
",simple.wiktionary.org.txt,Success,Success,1.0
"https://bluegrasshospitality.com/privacy-policy/
",bluegrasshospitality.com.txt,Timeout/Access Denied,Timeout/Access Denied,N/A
"https://www.cox.com/aboutus/policies/online-privacy-policy.html
",www.cox.com.txt,Success,Success,0.0
"https://www.zerohedge.com/privacy-policy
",www.zerohedge.com.txt,Success,Success,1.0
"https://www.mirror.co.uk/privacy-statement/
",www.mirror.co.uk.txt,Timeout/Access Denied,Timeout/Access Denied,N/A
"https://va.gov/privacy/
",va.gov.txt,Timeout/Access Denied,Timeout/Access Denied,N/A
"http://tvtropes.org/pmwiki/privacypolicy.php
",tvtropes.org.txt,Success,Success,1.0
"https://reverb.com/page/privacy
",reverb.com.txt,Success,Success,0.9953721657747098
"https://cards.barclaycardus.com/privacy-policy.html
",cards.barclaycardus.com.txt,Success,Success,1.0
"https://chicago.aaa.com/privacy_policy.aspx
",chicago.aaa.com.txt,Success,Success,1.0
"http://www.morningstar.com/about/privacy-policy.html
",www.morningstar.com.txt,Success,Success,1.0
"https://www.hayneedleinc.com/privacy-policy/
",www.hayneedleinc.com.txt,Success,Success,1.0
"https://www.regmovies.com/privacy
",www.regmovies.com.txt,Success,Success,0.9990853151505072
"https://www.quotient.com/privacy-policy/
",www.quotient.com.txt,Success,Success,1.0
"http://www.patheos.com/privacy-policy
",www.patheos.com.txt,Success,Success,1.0
"http://www.stubhubcenter.com/privacy-policy
",www.stubhubcenter.com.txt,Success,Success,1.0
"https://www.alltrails.com/privacy
",www.alltrails.com.txt,Success,Success,1.0
"https://shop.advanceautoparts.com/o/privacypolicy
",shop.advanceautoparts.com.txt,Success,Success,1.0
"https://www.sports-reference.com/privacy.html
",www.sports-reference.com.txt,Success,Success,1.0
"https://investor.vanguard.com/investing/privacy-policy
",investor.vanguard.com.txt,Success,Success,1.0
"https://www.icracked.com/privacy-policy
",www.icracked.com.txt,Success,Success,1.0
"http://www.qvc.com/FAQPrivacy.content.html
",www.qvc.com.txt,Timeout/Access Denied,Timeout/Access Denied,N/A
"https://www.docracy.com/0o429p27z3r/diynetwork-com-privacy-policy-tos
","www.docracy.comdiynetwork-com-privacy-policy-tos
.txt",Success,Success,1.0
"https://support.wattpad.com/hc/en-us/articles/200774224-Privacy-Policy
",support.wattpad.com.txt,Success,Success,1.0
"http://www.parentztalk.com/about/?show=privacy
",www.parentztalk.com.txt,Success,Success,1.0
"https://privacy.stanford.edu/
",privacy.stanford.edu.txt,Success,Success,1.0
"https://www.key.com/about/misc/privacy-policy-keycorp.jsp
",www.key.com.txt,Success,Success,1.0
"https://www.ml.com/privacy-and-security-center/privacy-and-security.html
",www.ml.com.txt,Success,Success,1.0
"https://www.providr.com/privacy/
",www.providr.com.txt,Success,Success,1.0
"https://clark.com/privacy_policy/
",clark.com.txt,Timeout/Access Denied,Timeout/Access Denied,N/A
"http://www.yourdictionary.com/about/privacy.html
",www.yourdictionary.com.txt,Success,Success,1.0
"https://www.tacobell.com/legal-notices/privacy-policy
",www.tacobell.com.txt,Success,Success,1.0
"https://www.angieslist.com/faq/privacy-policy/
",www.angieslist.com.txt,Success,Success,1.0
"https://www.zoosk.com/privacy.php
",www.zoosk.com.txt,Timeout/Access Denied,Success,N/A
"http://www.kansascity.com/site-services/legal/privacy-policy/
",www.kansascity.com.txt,Success,Success,1.0
"https://padlet.com/about/privacy
",padlet.com.txt,Success,Success,1.0
"https://www.hobbylobby.com/customer-service/privacy-terms
",www.hobbylobby.com.txt,Success,Success,1.0
"http://popculture.com/page/privacy
",popculture.com.txt,Success,Success,1.0
"http://www.visymo.com/privacy?ref=zapmetasearch.com
",www.visymo.com.txt,Success,Success,1.0
"https://mysunsentinel.com/privacy-policy/
",mysunsentinel.com.txt,Success,Success,1.0
"https://draxe.com/privacy-policy/
",draxe.com.txt,Success,Success,1.0
"https://www.babycenter.com/help-privacy
",www.babycenter.com.txt,Success,Success,1.0
"https://www.cricketwireless.com/privacy
",www.cricketwireless.com.txt,Success,Success,1.0
"http://www.politifact.com/privacy/
",www.politifact.com.txt,Success,Success,1.0
"https://www.creditsesame.com/about/privacy-policy
",www.creditsesame.com.txt,Success,Success,1.0
"https://prezi.com/privacy-policy/
",prezi.com.txt,Success,Success,1.0
"https://www.ihg.com/content/us/en/customer-care/privacy_statement
",www.ihg.com.txt,Timeout/Access Denied,Timeout/Access Denied,N/A
"https://www.nationalreview.com/2018/02/trump-administration-transgender-policy-title-ix-privacy/
",www.nationalreview.com.txt,Success,Success,1.0
"https://www.docusign.com/company/privacy-policy
",www.docusign.com.txt,Success,Success,1.0
"https://www.medscape.com/public/privacy
",www.medscape.com.txt,Success,Success,1.0
"https://account.underarmour.com/privacy_and_terms?locale=en
",account.underarmour.com.txt,Timeout/Access Denied,Timeout/Access Denied,N/A
"http://www.upworthy.com/privacy
",www.upworthy.com.txt,Success,Success,1.0
"https://www.engadget.com/2018/05/11/google-privacy-policy-update/
",www.engadget.com.txt,Success,Success,0.9636796193497225
"http://www.beliefnet.com/about-us/privacy-policy.aspx
",www.beliefnet.com.txt,Success,Success,1.0
"https://www.grubhub.com/legal/privacy-policy
",www.grubhub.com.txt,Success,Success,1.0
"https://na.leagueoflegends.com/en/legal/privacy
",na.leagueoflegends.com.txt,Success,Success,1.0
"https://www.airfarewatchdog.com/pages/3799704/privacy-statement/
",www.airfarewatchdog.com.txt,Success,Success,0.018322712749995588
"https://www.collegefootball.ap.org/privacy-policy
",www.collegefootball.ap.org.txt,Success,Success,1.0
"https://www.hotwire.com/en/content/privacy-policy
",www.hotwire.com.txt,Success,Success,1.0
"https://greatist.com/greatist-privacy-policy
",greatist.com.txt,Success,Success,1.0
"https://www.ally.com/privacy/
",www.ally.com.txt,Success,Success,1.0
"https://www.8excite.com/privacy-policy
",www.8excite.com.txt,Success,Success,1.0
"https://www.meetup.com/privacy/
",www.meetup.com.txt,Success,Success,1.0
"https://www.remax.com/corporate/privacy-policy/
",www.remax.com.txt,Success,Success,1.0
"https://www.ford.com/help/privacy/
",www.ford.com.txt,Success,Success,1.0
"https://www.box.com/legal/privacypolicy
",www.box.com.txt,Success,Success,0.9966039871706182
"https://www.wix.com/about/privacy
",www.wix.com.txt,Success,Success,1.0
"https://www.americanmediainc.com/privacy-policy
",www.americanmediainc.com.txt,Timeout/Access Denied,Success,N/A
"https://about.9gag.com/privacy/
",about.9gag.com.txt,Success,Success,1.0
"https://www.instantcheckmate.com/privacy-policy/
",www.instantcheckmate.com.txt,Success,Success,1.0
"https://www.ultimate-guitar.com/about/privacy-full.htm
",www.ultimate-guitar.com.txt,Timeout/Access Denied,Timeout/Access Denied,N/A
"http://www.stltoday.com/help/privacy/
",www.stltoday.com.txt,Timeout/Access Denied,Success,N/A
"https://www.okta.com/privacy-policy/
",www.okta.com.txt,Success,Success,1.0
"http://livestly.com/privacy-policy/
",livestly.com.txt,Success,Success,1.0
"https://www.cancer.org/about-us/policies/privacy-statement.html
",www.cancer.org.txt,Success,Success,1.0
"https://www.fitbit.com/legal/privacy-policy
",www.fitbit.com.txt,Success,Success,1.0
"https://www.beyondmenu.com/policy.aspx
",www.beyondmenu.com.txt,Success,Success,1.0
"https://www.dailywire.com/privacy-policy
",www.dailywire.com.txt,Success,Success,1.0
"https://techcrunch.com/policy/
",techcrunch.com.txt,Success,Success,1.0
"https://www.historytoday.com/privacy-policy
",www.historytoday.com.txt,Timeout/Access Denied,Timeout/Access Denied,N/A
"http://bramzonlaw.com/privacy-policy/
",bramzonlaw.com.txt,Success,Success,1.0
"https://comptroller.texas.gov/about/policies/privacy.php
",comptroller.texas.gov.txt,Success,Success,1.0
"https://www.lds.org/legal/privacy
",www.lds.org.txt,Success,Success,1.0
"https://www.salon.com/about/policy/
",www.salon.com.txt,Success,Timeout/Access Denied,N/A
"https://www.partsgeek.com/privacy_policy.html
",www.partsgeek.com.txt,Success,Success,1.0
"https://www.abc15.com/privacy-policy1
",www.abc15.com.txt,Success,Success,0.9924168350607305
"https://www.spiritcom.com/privacy-policy
",www.spiritcom.com.txt,Success,Success,1.0
"http://www.mlive.com/privacy-policy/
",www.mlive.com.txt,Success,Success,1.0
"https://www.landof10.com/privacy-policy
",www.landof10.com.txt,Success,Success,1.0
"https://ffive.wd5.myworkdayjobs.com/f5jobs/job/Seattle/Privacy-Director_RP1009098
",ffive.wd5.myworkdayjobs.com.txt,Success,Success,1.0
"http://www.fixya.com/privacy
",www.fixya.com.txt,Success,Success,1.0
"https://www.docracy.com/2g9hdrqa9f/bloomingdales-com-privacy-policy-tos
","www.docracy.combloomingdales-com-privacy-policy-tos
.txt",Success,Success,1.0
"https://www.ultimatesoftware.com/Privacy-Policy
",www.ultimatesoftware.com.txt,Success,Success,1.0
"https://www.ted.com/about/our-organization/our-policies-terms/privacy-policy
",www.ted.com.txt,Success,Success,1.0
"http://www.slader.com/privacy-policy/
",www.slader.com.txt,Success,Success,1.0
"http://www.intellicast.com/About/Privacy.aspx
",www.intellicast.com.txt,Success,Success,0.000558636925900802
"https://www.eater.com/policy
",www.eater.com.txt,Success,Success,0.27934621099554235
"https://www.nasa.gov/about/highlights/HP_Privacy.html
",www.nasa.gov.txt,Success,Success,1.0
"https://www.apartmentguide.com/legal/privacy/
",www.apartmentguide.com.txt,Success,Success,1.0
"https://www.shutterstock.com/privacy
",www.shutterstock.com.txt,Success,Success,0.9994480897773962
"https://www.amtrak.com/planning-booking/policies/privacy-policy.html
",www.amtrak.com.txt,Success,Success,1.0
"https://company.findlaw.com/privacy.html
",company.findlaw.com.txt,Success,Success,1.0
"http://www.slashfilm.com/privacypolicy.html
",www.slashfilm.com.txt,Success,Success,1.0
"https://www.olivegarden.com/privacy-policy/
",www.olivegarden.com.txt,Success,Success,1.0
"http://www.celebuzz.com/privacy-policy/
",www.celebuzz.com.txt,Success,Success,1.0
"https://www.flyfrontier.com/legal/privacy-policy/
",www.flyfrontier.com.txt,Success,Success,1.0
"http://fortune.com/2018/03/27/microsoft-bans-offensive-language-xbox-skype-privacy/
",fortune.com.txt,Success,Success,0.027770360480640854
"https://about.canva.com/privacy-policy/
",about.canva.com.txt,Success,Success,1.0
"https://www.westernunion.com/us/en/privacy-statement.html
",www.westernunion.com.txt,Success,Success,1.0
"https://www.enterprise.com/en/privacy-policy.html
",www.enterprise.com.txt,Success,Success,1.0
"https://www.carid.com/help-center/privacy.html
",www.carid.com.txt,Timeout/Access Denied,Timeout/Access Denied,N/A
"https://www.allmusic.com/privacy-policy
",www.allmusic.com.txt,Success,Success,1.0
"https://www.starwoodhotels.com/preferredguest/legal/privacy.html
",www.starwoodhotels.com.txt,Success,Success,1.0
"http://moneyversed.com/privacy-policy/
",moneyversed.com.txt,Success,Success,1.0
"http://www.newsobserver.com/customer-service/privacy-policy/
",www.newsobserver.com.txt,Success,Success,1.0
"https://www.ulta.com/ulta/common/privacyPolicy.jsp
",www.ulta.com.txt,Success,Success,1.0
"https://www.carmax.com/privacy-policy
",www.carmax.com.txt,Timeout/Access Denied,Timeout/Access Denied,N/A
"https://www.lyft.com/privacy#!
",www.lyft.com.txt,Success,Success,1.0
"http://uk.creditcards.com/privacy.php
",uk.creditcards.com.txt,Success,Success,1.0
"https://www.amazon.com/privacy_policy/s?page=1&rh=i%3Aaps%2Ck%3Aprivacy_policy
",www.amazon.com.txt,Success,Success,0.8840262582056893
"https://www.dsw.com/en/us/legal/privacy-policy
",www.dsw.com.txt,Timeout/Access Denied,Timeout/Access Denied,N/A
"http://www.thegatewaypundit.com/privacy-policy/
",www.thegatewaypundit.com.txt,Success,Success,0.9996478184308355
"https://www.docracy.com/78h99pa527/skype-com-privacy-policy-english-international-tos
","www.docracy.comskype-com-privacy-policy-english-international-tos
.txt",Success,Success,1.0
"https://www.nordstromrack.com/privacy
",www.nordstromrack.com.txt,Success,Success,1.0
"https://www.gradesaver.com/privacy
",www.gradesaver.com.txt,Success,Success,1.0
"https://www.oreillyauto.com/feedback-privacy-policy
",www.oreillyauto.com.txt,Timeout/Access Denied,Timeout/Access Denied,N/A
"https://www.freeshipping.com/about/PrivacyPolicy
",www.freeshipping.com.txt,Success,Success,1.0
"https://www.academy.com/shop/en/store/privacy-policy
",www.academy.com.txt,Success,Success,1.0
"https://www.boredpanda.com/privacy-policy/
",www.boredpanda.com.txt,Success,Success,1.0
"http://www.heraldweekly.com/privacy-policy/
",www.heraldweekly.com.txt,Success,Success,1.0
"https://healthy.kaiserpermanente.org/privacy
",healthy.kaiserpermanente.org.txt,Success,Success,1.0
"https://thegrio.com/privacy-policy/
",thegrio.com.txt,Success,Success,1.0
"https://www.saveur.com/privacy-policy
",www.saveur.com.txt,Success,Success,1.0
"https://www.thebalancecareers.com/how-to-develop-a-policy-1918870
",www.thebalancecareers.com.txt,Success,Success,0.9913520605952167
"https://www.kimochi.co/privacy
",www.kimochi.co.txt,Success,Success,1.0
"http://www.nyc.gov/privacy/
",www.nyc.gov.txt,Timeout/Access Denied,Timeout/Access Denied,N/A
"http://umich.edu/about/privacy/
",umich.edu.txt,Success,Success,1.0
"http://www.hiseycompany.com/privacy-policy
",www.hiseycompany.com.txt,Success,Success,1.0
"https://www.usgs.gov/privacy-policies
",www.usgs.gov.txt,Timeout/Access Denied,Timeout/Access Denied,N/A
"https://food.ndtv.com/privacy-policy
",food.ndtv.com.txt,Success,Success,1.0
"https://www.boston.com/privacy-policy
",www.boston.com.txt,Success,Success,1.0
"https://getpocket.com/privacy
",getpocket.com.txt,Success,Success,1.0
"https://www.cleveland.com/privacy-policy/
",www.cleveland.com.txt,Success,Success,1.0
"https://www.docracy.com/0_szahnaigo/livejournal-com-privacy-policy-tos
","www.docracy.comlivejournal-com-privacy-policy-tos
.txt",Success,Success,1.0
"https://www.nola.com/privacy-policy
",www.nola.com.txt,Success,Success,1.0
"https://www.budget.com/budgetWeb/html/en/customer/privacy/index.html
",www.budget.com.txt,Timeout/Access Denied,Timeout/Access Denied,N/A
"https://www.theblaze.com/privacy
",www.theblaze.com.txt,Success,Success,1.0
"https://mgdportal.eclinicalweb.com/portalNew/html/PrivacyPolicy.html
",mgdportal.eclinicalweb.com.txt,Success,Success,1.0
"http://www.outdoorchannel.com/privacypolicy
",www.outdoorchannel.com.txt,Success,Success,1.0
"https://www.wisconsin.edu/privacy-policy/
",www.wisconsin.edu.txt,Success,Success,1.0
"https://herway.net/privacy-policy/
",herway.net.txt,Success,Success,1.0
"https://www.speedpay.com/privacy/
",www.speedpay.com.txt,Success,Success,1.0
"https://www.outsideonline.com/1929051/mariah-media-network-llcs-privacy-policy
",www.outsideonline.com.txt,Success,Success,1.0
"https://www.sciencealert.com/privacy-policy
",www.sciencealert.com.txt,Success,Success,1.0
"https://www.nvidia.com/en-us/about-nvidia/privacy-policy/
",www.nvidia.com.txt,Success,Success,1.0
"https://www.creditonebank.com/assets/pdf/privacy.pdf
",www.creditonebank.com.txt,Timeout/Access Denied,Timeout/Access Denied,N/A
"http://www.pof.com/privacypolicy.aspx
",www.pof.com.txt,Timeout/Access Denied,Timeout/Access Denied,N/A
"http://www.coolmath-games.com/privacyp
",www.coolmath-games.com.txt,Success,Success,1.0
"https://www.alaskaair.com/content/legal/privacy-policy
",www.alaskaair.com.txt,Timeout/Access Denied,Timeout/Access Denied,N/A
"http://www.cc.com/legal/privacy-policy
",www.cc.com.txt,Timeout/Access Denied,Timeout/Access Denied,N/A
"https://www.redbubble.com/privacy
",www.redbubble.com.txt,Success,Success,1.0
"http://standardnews.com/privacy-policy/
",standardnews.com.txt,Timeout/Access Denied,Success,N/A
"https://www.offers.com/privacy/
",www.offers.com.txt,Success,Success,0.9995773457311918
"https://faithit.com/privacy-policy/
",faithit.com.txt,Success,Success,1.0
"http://jobs.philly.com/Privacy.aspx
",jobs.philly.com.txt,Success,Success,1.0
"http://www.focusinsite.com/privacy-policy/
",www.focusinsite.com.txt,Success,Success,1.0
"https://www.grainger.com/content/privacy-policy
",www.grainger.com.txt,Success,Success,1.0
"https://mailchimp.com/legal/privacy/
",mailchimp.com.txt,Success,Success,1.0
"https://www.someecards.com/page/privacy
",www.someecards.com.txt,Success,Success,1.0
"https://www.trustedmediabrands.com/privacy-policy/
",www.trustedmediabrands.com.txt,Success,Success,1.0
"https://www.panerabread.com/en-us/company-information/privacy-policy.html
",www.panerabread.com.txt,Timeout/Access Denied,Success,N/A
"https://www.hercampus.com/privacy-policy-and-terms-use
",www.hercampus.com.txt,Success,Success,1.0
"https://www.docracy.com/557kzykaj3/victoriassecret-com-privacy-policy-tos
","www.docracy.comvictoriassecret-com-privacy-policy-tos
.txt",Success,Success,1.0
"https://www.astrology.com/privacy.html
",www.astrology.com.txt,Timeout/Access Denied,Timeout/Access Denied,N/A
"https://onlineaccess.ncsecu.org/O/SECUContent/PDF/SECUPrivacyPolicy_English.pdf
",onlineaccess.ncsecu.org.txt,Timeout/Access Denied,Timeout/Access Denied,N/A
"https://web-secure.milb.com/campaign/gfi/privacy.jsp
",web-secure.milb.com.txt,Success,Success,1.0
"https://epayment.epymtservice.com/custom/online_privacy.html
",epayment.epymtservice.com.txt,Success,Success,1.0
"https://www.facebook.com/about/privacy
",www.facebook.com.txt,Success,Success,0.5866238710158991
"https://www.allstate.com/about/privacy-statement-aic.aspx
",www.allstate.com.txt,Success,Success,0.9965113610282305
"https://www.manualslib.com/privacy.html
",www.manualslib.com.txt,Success,Success,0.9944261024153557
"https://www.collegeconfidential.com/policies/privacy
",www.collegeconfidential.com.txt,Success,Success,1.0
"https://gyazo.com/doc/privacy
",gyazo.com.txt,Success,Success,1.0
"https://clutchpoints.com/privacy-policy/
",clutchpoints.com.txt,Success,Success,1.0
"http://www.sparknotes.com/legal/privacy.html
",www.sparknotes.com.txt,Success,Success,1.0
"https://www.citationmachine.net/privacy
",www.citationmachine.net.txt,Success,Success,1.0
"https://www.cbr.com/privacy-policy/
",www.cbr.com.txt,Success,Success,1.0
"http://www.tronc.com/privacy-policy/
",www.tronc.com.txt,Success,Success,1.0
"https://hiring.careerbuilder.com/company/privacy-policy
",hiring.careerbuilder.com.txt,Success,Success,1.0
"https://twitter.com/privacy
",twitter.com.txt,Success,Success,1.0
"https://account.sonyentertainmentnetwork.com/info/privacy-policy.action
",account.sonyentertainmentnetwork.com.txt,Success,Success,1.0
"https://business.officedepot.com/cm/prelogin/privacy-policy
",business.officedepot.com.txt,Success,Success,1.0
"http://www.potterybarn.com.au/pb-au-privacy-policy
",www.potterybarn.com.au.txt,Success,Success,1.0
"https://www.teacherspayteachers.com/Privacy-Policy
",www.teacherspayteachers.com.txt,Success,Success,1.0
"https://www.imotors.com/Corporate/PrivacyPolicy.aspx
",www.imotors.com.txt,Success,Success,1.0
"http://www.businessinsider.com/privacy-policy
",www.businessinsider.com.txt,Success,Success,1.0
"https://www.signupgenius.com/about/privacy.cfm
",www.signupgenius.com.txt,Success,Success,1.0
"https://www.dowjones.com/privacy-policy/
",www.dowjones.com.txt,Success,Success,1.0
"https://www.udemy.com/terms/privacy/
",www.udemy.com.txt,Success,Success,1.0
"http://www.oprah.com/privacy_policy.html?_escaped_fragment_=#!
",www.oprah.com.txt,Timeout/Access Denied,Timeout/Access Denied,N/A
"https://hellogiggles.com/privacy/
",hellogiggles.com.txt,Success,Success,0.006412028080260903
"http://quizly.co/privacy-policy/
",quizly.co.txt,Success,Success,1.0
"https://www.coldwellbankerhomes.com/privacy/
",www.coldwellbankerhomes.com.txt,Success,Success,1.0
"https://wellhello.com/privacy
",wellhello.com.txt,Success,Success,1.0
"https://poshmark.com/privacy
",poshmark.com.txt,Success,Success,1.0
"https://www.symbolab.com/public/privacy.pdf
",www.symbolab.com.txt,Timeout/Access Denied,Timeout/Access Denied,N/A
"https://www.petsmart.com/help/privacy-policy-H0011.html
",www.petsmart.com.txt,Success,Success,0.9953291981167327
"https://www.boston.com/privacy-policy
",www.boston.com.txt,Success,Success,1.0
"https://medlineplus.gov/privacy.html
",medlineplus.gov.txt,Timeout/Access Denied,Timeout/Access Denied,N/A
"https://www.docracy.com/1oofsoc3ai/bettycrocker-com-privacy-policy-tos
","www.docracy.combettycrocker-com-privacy-policy-tos
.txt",Success,Success,1.0
"https://www.foxbusiness.com/privacy-policy
",www.foxbusiness.com.txt,Success,Success,1.0
"https://www.bmwusa.com/privacy-policy/index.html
",www.bmwusa.com.txt,Success,Success,1.0
"https://www.ciuvo.com/fr/privacy
",www.ciuvo.com.txt,Success,Success,1.0
"https://www.deseretnews.com/policies
",www.deseretnews.com.txt,Success,Success,1.0
"https://aon.pissedconsumer.com/aon-travel-policy-claim-18230/RT-C.html
",aon.pissedconsumer.com.txt,Success,Success,1.0
"https://www.cox.com/aboutus/policies/online-privacy-policy.html
",www.cox.com.txt,Success,Success,0.0
"https://frontier.com/~/media/corporate/policies/privacy-policy.ashx
",frontier.com.txt,Timeout/Access Denied,Timeout/Access Denied,N/A
"https://www.governmentjobs.com/home/legalprivacy
",www.governmentjobs.com.txt,Success,Success,1.0
"https://www.lendingtree.com/legal/privacy-policy
",www.lendingtree.com.txt,Success,Success,1.0
"https://privacy.wa.gov/privacywagov-privacy-policy
",privacy.wa.gov.txt,Success,Success,1.0
"https://www.asus.com/us/Terms_of_Use_Notice_Privacy_Policy/Privacy_Policy
",www.asus.com.txt,Success,Success,1.0
"https://mailchimp.com/legal/privacy/
",mailchimp.com.txt,Success,Success,1.0
"https://wtop.com/privacy-policy/
",wtop.com.txt,Success,Success,1.0
"https://www3.lenovo.com/us/en/privacy/
",www3.lenovo.com.txt,Success,Success,1.0
"https://www.wendys.com/privacy-policy
",www.wendys.com.txt,Success,Success,1.0
"http://www.tiebreaker.com/privacy-policy/
",www.tiebreaker.com.txt,Success,Success,1.0
"http://faptitans.com/privacy/
",faptitans.com.txt,Timeout/Access Denied,Timeout/Access Denied,N/A
"https://www.motortrendondemand.com/privacy-policy/
",www.motortrendondemand.com.txt,Success,Success,0.0
"http://www.kmart.com.au/privacy-policy
",www.kmart.com.au.txt,Success,Success,1.0
"https://www.ithaka.org/privacypolicy
",www.ithaka.org.txt,Success,Success,1.0
"https://www.salary.com.au/privacy
",www.salary.com.au.txt,Success,Success,1.0
"http://www.uscourts.gov/rules-policies/judiciary-policies/privacy-policy-electronic-case-files
",www.uscourts.gov.txt,Timeout/Access Denied,Timeout/Access Denied,N/A
"http://www.thestate.com/customer-service/privacy-policy/
",www.thestate.com.txt,Success,Success,1.0
"https://www.dreamstime.com/privacy
",www.dreamstime.com.txt,Success,Success,1.0
"https://thespacereporter.com/site.php?page=privacy
",thespacereporter.com.txt,Success,Success,1.0
"https://www.infowarsstore.com/privacy-policy
",www.infowarsstore.com.txt,Success,Success,1.0
"http://www.iflscience.com/privacy-policy/
",www.iflscience.com.txt,Success,Success,1.0
"https://xhamsterlive.com/privacy
",xhamsterlive.com.txt,Success,Success,1.0
"https://library.hsc.unt.edu/content/website-privacy
",library.hsc.unt.edu.txt,Success,Success,1.0
"https://www.springer.com/gp/privacy-policy
",www.springer.com.txt,Success,Success,1.0
"https://www.codecademy.com/policy
",www.codecademy.com.txt,Success,Success,1.0
"https://www.al.com/privacy-policy/
",www.al.com.txt,Timeout/Access Denied,Timeout/Access Denied,N/A
"https://www.nolo.com/about/security-privacy.html
",www.nolo.com.txt,Success,Success,1.0
"https://www.reservations.com/policy
",www.reservations.com.txt,Success,Success,1.0
"https://www.kiplinger.com/customer-service/privacy-policy/index.html
",www.kiplinger.com.txt,Success,Timeout/Access Denied,N/A
"https://www.honda.com/privacy-policy
",www.honda.com.txt,Success,Success,1.0
"https://www.chipotle.com/privacy-policy
",www.chipotle.com.txt,Success,Success,1.0
"https://www.nvidia.com/en-us/about-nvidia/privacy-policy/
",www.nvidia.com.txt,Success,Success,1.0
"https://www.news4jax.com/station/privacy
",www.news4jax.com.txt,Success,Success,1.0
"https://www.ashleyfurniturehomestore.com/privacy-policy/
",www.ashleyfurniturehomestore.com.txt,Success,Success,0.9989384288747346
"https://slack.com/privacy-policy
",slack.com.txt,Success,Success,1.0
"http://www.star-telegram.com/customer-service/privacy-policy/
",www.star-telegram.com.txt,Success,Success,1.0
"http://www.grunge.com/privacy-policy/
",www.grunge.com.txt,Success,Success,1.0
"http://www.collegehumor.com/static/privacy
",www.collegehumor.com.txt,Success,Success,1.0
"https://deannajump.com/privacy-policy/
",deannajump.com.txt,Success,Success,0.9998914518317503
"https://elt.oup.com/privacy_policy_apps_a
",elt.oup.com.txt,Success,Success,1.0
"https://preferences.news.com.au/privacy
",preferences.news.com.au.txt,Success,Success,1.0
"http://privacy.ufl.edu/
",privacy.ufl.edu.txt,Success,Success,1.0
"http://www.techtimes.com/privacypolicy
",www.techtimes.com.txt,Success,Success,1.0
"https://www.penguinrandomhouse.com/privacy/
",www.penguinrandomhouse.com.txt,Success,Success,1.0
"http://www.ebaumsworld.com/pages/privacy/
",www.ebaumsworld.com.txt,Success,Success,1.0
"https://medicare.gov/privacy-policy/index.html
",medicare.gov.txt,Success,Success,1.0
"http://facty.com/privacy-policy/
",facty.com.txt,Success,Success,1.0
"https://security.berkeley.edu/privacy-statement-uc-berkeley-websites
",security.berkeley.edu.txt,Success,Success,1.0
"https://cbps.canon.com/pages/privacy-policy
",cbps.canon.com.txt,Success,Success,1.0
"https://www.virginia.gov/privacy-policy/
",www.virginia.gov.txt,Timeout/Access Denied,Timeout/Access Denied,N/A
"http://songmeanings.com/privacy.html
",songmeanings.com.txt,Success,Success,0.5596036980501714
"https://www.ncaa.com/privacy
",www.ncaa.com.txt,Timeout/Access Denied,Timeout/Access Denied,N/A
"https://phys.org/news/2018-03-differential-privacy.html
",phys.org.txt,Success,Success,1.0
"http://www.onlyinyourstate.com/privacy-policy/
",www.onlyinyourstate.com.txt,Success,Success,1.0
"https://www.petco.com/content/petco/PetcoStore/en_US/pet-services/terms-of-use/privacy-policy.html
",www.petco.com.txt,Success,Success,1.0
"https://www.pastemagazine.com/privacy
",www.pastemagazine.com.txt,Success,Success,1.0
"http://www.thewhizltd.com/privacy
",www.thewhizltd.com.txt,Success,Success,1.0
"https://www.toyota.com/support/privacy-rights
",www.toyota.com.txt,Success,Success,1.0
"https://support.fashionnova.com/hc/en-us/articles/115000486391-Privacy-Policy
",support.fashionnova.com.txt,Success,Success,1.0
"https://support.discogs.com/hc/en-us/articles/360001134454-Discogs-Policies
",support.discogs.com.txt,Success,Success,1.0
"https://www.mnn.com/privacy
",www.mnn.com.txt,Success,Success,1.0
"https://ask.offerup.com/Rules-policies/Privacy/887969071/Info-other-people-see-about-you.htm
",ask.offerup.com.txt,Timeout/Access Denied,Success,N/A
"https://www.abcactionnews.com/privacy-policy
",www.abcactionnews.com.txt,Success,Success,1.0
"https://www.netgear.com/about/privacy-policy/default.aspx
",www.netgear.com.txt,Success,Success,1.0
"http://company.wizards.com/legal/wizards-coasts-privacy-policy
",company.wizards.com.txt,Success,Success,1.0
"https://cinemark.com/privacy-policy
",cinemark.com.txt,Timeout/Access Denied,Success,N/A
"https://filehippo.com/info/privacy
",filehippo.com.txt,Success,Success,1.0
"https://soundbridge.roku.com/privacy/
",soundbridge.roku.com.txt,Success,Success,1.0
"https://help.musicnotes.com/hc/en-us/articles/201179356-What-is-your-Privacy-Policy-
",help.musicnotes.com.txt,Success,Success,1.0
"https://www.blogger.com/go/privacy
",www.blogger.com.txt,Success,Success,1.0
"https://arbys.com/privacy-policy
",arbys.com.txt,Success,Success,1.0
"https://corporateperks.truecar.com/privacy-policy.html
",corporateperks.truecar.com.txt,Success,Success,1.0
"http://www.tdbank.com/bank/privacy.html
",www.tdbank.com.txt,Success,Success,1.0
"https://www.newsmax.com/PrivacyStatement/
",www.newsmax.com.txt,Success,Success,1.0
https://www.gettyimages.com/company/privacy-policy,www.gettyimages.com.txt,Success,Success,0.9929369056544214
